image;tag
cell_images/Uninfected/C221ThinF_IMG_20151106_160022_cell_101.png;negatif
cell_images/Uninfected/C47P8thin_Original_Motic_IMG_20150714_093947_cell_146.png;negatif
cell_images/Parasitized/C130P91ThinF_IMG_20151004_135449_cell_120.png;positif
cell_images/Parasitized/C45P6ThinF_IMG_20151130_160135_cell_203.png;positif
cell_images/Uninfected/C75P36_ThinF_IMG_20150815_163742_cell_17.png;negatif
cell_images/Uninfected/C126P87ThinF_IMG_20151004_105844_cell_81.png;negatif
cell_images/Uninfected/C121P82ThinF_IMG_20151002_132926_cell_29.png;negatif
cell_images/Uninfected/C49P10thinF_IMG_20150724_102843_cell_21.png;negatif
cell_images/Parasitized/C68P29N_ThinF_IMG_20150819_133350_cell_123.png;positif
cell_images/Parasitized/C39P4thinF_original_IMG_20150622_105102_cell_89.png;positif
cell_images/Parasitized/C119P80ThinF_IMG_20151002_124345_cell_164.png;positif
cell_images/Uninfected/C240ThinF_IMG_20151127_115306_cell_105.png;negatif
cell_images/Uninfected/C72P33_ThinF_IMG_20150815_104923_cell_208.png;negatif
cell_images/Parasitized/C118P79ThinF_IMG_20151002_110834_cell_157.png;positif
cell_images/Uninfected/C225ThinF_IMG_20151112_113803_cell_281.png;negatif
cell_images/Uninfected/C175P136NThinF_IMG_20151127_141428_cell_150.png;negatif
cell_images/Uninfected/C113P74ThinF_IMG_20150930_134614_cell_138.png;negatif
cell_images/Parasitized/C101P62ThinF_IMG_20150918_151239_cell_98.png;positif
cell_images/Uninfected/C206ThinF_IMG_20151029_140917_cell_213.png;negatif
cell_images/Uninfected/C76P37ThinF_IMG_20150815_173019_cell_195.png;negatif
cell_images/Uninfected/C149P110ThinF_IMG_20151115_115154_cell_216.png;negatif
cell_images/Parasitized/C173P134NThinF_IMG_20151130_115339_cell_261.png;positif
cell_images/Parasitized/C71P32_ThinF_IMG_20150813_163655_cell_199.png;positif
cell_images/Parasitized/C182P143NThinF_IMG_20151201_171836_cell_151.png;positif
cell_images/Uninfected/C182P143NThinF_IMG_20151201_171950_cell_54.png;negatif
cell_images/Parasitized/C175P136NThinF_IMG_20151127_141428_cell_234.png;positif
cell_images/Uninfected/C46P7ThinF_IMG_20151130_205719_cell_56.png;negatif
cell_images/Parasitized/C175P136NThinF_IMG_20151127_141253_cell_258.png;positif
cell_images/Parasitized/C116P77ThinF_IMG_20150930_171558_cell_99.png;positif
cell_images/Parasitized/C52P13thinF_IMG_20150725_124830_cell_173.png;positif
cell_images/Parasitized/C129P90ThinF_IMG_20151004_134944_cell_24.png;positif
cell_images/Uninfected/C121P82ThinF_IMG_20151002_133427_cell_60.png;negatif
cell_images/Parasitized/C129P90ThinF_IMG_20151004_133538_cell_78.png;positif
cell_images/Uninfected/C61P22N_ThinF_IMG_20150818_112518_cell_16.png;negatif
cell_images/Parasitized/C63P24N_ThinF_IMG_20150818_144456_cell_181.png;positif
cell_images/Uninfected/C69P30N_ThinF_IMG_20150819_140652_cell_132.png;negatif
cell_images/Uninfected/C2NThinF_IMG_20150604_115238_cell_247.png;negatif
cell_images/Uninfected/C132P93ThinF_IMG_20151004_152257_cell_1.png;negatif
cell_images/Uninfected/C82P43ThinF_IMG_20150817_123824_cell_107.png;negatif
cell_images/Uninfected/C164P125ThinF_IMG_20151116_114404_cell_90.png;negatif
cell_images/Parasitized/C116P77ThinF_IMG_20150930_172112_cell_96.png;positif
cell_images/Parasitized/C116P77ThinF_IMG_20150930_171558_cell_109.png;positif
cell_images/Parasitized/C120P81ThinF_IMG_20151002_130918_cell_211.png;positif
cell_images/Uninfected/C146P107ThinF_IMG_20151018_140342_cell_233.png;negatif
cell_images/Uninfected/C180P141NThinF_IMG_20151201_165601_cell_90.png;negatif
cell_images/Parasitized/C168P129ThinF_IMG_20151118_154651_cell_139.png;positif
cell_images/Uninfected/C125P86ThinF_IMG_20151004_102053_cell_34.png;negatif
cell_images/Parasitized/C132P93ThinF_IMG_20151004_152353_cell_174.png;positif
cell_images/Uninfected/C64P25N_ThinF_IMG_20150818_152921_cell_139.png;negatif
cell_images/Parasitized/C112P73ThinF_IMG_20150930_131753_cell_166.png;positif
cell_images/Uninfected/C182P143NThinF_IMG_20151201_171950_cell_116.png;negatif
cell_images/Parasitized/C82P43ThinF_IMG_20150817_124010_cell_192.png;positif
cell_images/Uninfected/C2NThinF_IMG_20150604_114815_cell_62.png;negatif
cell_images/Parasitized/C84P45ThinF_IMG_20150818_104849_cell_11.png;positif
cell_images/Parasitized/C92P53ThinF_IMG_20150821_151722_cell_223.png;positif
cell_images/Parasitized/C132P93ThinF_IMG_20151004_152505_cell_129.png;positif
cell_images/Parasitized/C118P79ThinF_IMG_20151002_105827_cell_139.png;positif
cell_images/Parasitized/C70P31_ThinF_IMG_20150813_130849_cell_77.png;positif
cell_images/Uninfected/C234ThinF_IMG_20151112_162759_cell_236.png;negatif
cell_images/Uninfected/C66P27N_ThinF_IMG_20150818_164008_cell_58.png;negatif
cell_images/Uninfected/C116P77ThinF_IMG_20150930_171219_cell_39.png;negatif
cell_images/Parasitized/C144P105ThinF_IMG_20151015_155149_cell_300.png;positif
cell_images/Parasitized/C136P97ThinF_IMG_20151005_141552_cell_5.png;positif
cell_images/Parasitized/C133P94ThinF_IMG_20151004_155518_cell_120.png;positif
cell_images/Uninfected/C49P10thinF_IMG_20150724_103054_cell_148.png;negatif
cell_images/Parasitized/C184P145ThinF_IMG_20151203_104440_cell_31.png;positif
cell_images/Parasitized/C70P31_ThinF_IMG_20150819_142703_cell_6.png;positif
cell_images/Uninfected/C188P149ThinF_IMG_20151203_134449_cell_92.png;negatif
cell_images/Parasitized/C129P90ThinF_IMG_20151004_133538_cell_76.png;positif
cell_images/Uninfected/C209ThinF_IMG_20151029_160721_cell_43.png;negatif
cell_images/Uninfected/C1_thinF_IMG_20150604_104722_cell_81.png;negatif
cell_images/Uninfected/C73P34_ThinF_IMG_20150815_112246_cell_74.png;negatif
cell_images/Uninfected/C47P8thin_Original_Motic_IMG_20150714_093715_cell_27.png;negatif
cell_images/Parasitized/C80P41ThinF_IMG_20150817_110957_cell_130.png;positif
cell_images/Uninfected/C63P24N_ThinF_IMG_20150818_142948_cell_56.png;negatif
cell_images/Parasitized/C182P143NThinF_IMG_20151201_172524_cell_202.png;positif
cell_images/Uninfected/C123P84ThinF_IMG_20151002_152330_cell_41.png;negatif
cell_images/Uninfected/C182P143NThinF_IMG_20151201_172524_cell_43.png;negatif
cell_images/Parasitized/C82P43ThinF_IMG_20150817_124418_cell_162.png;positif
cell_images/Parasitized/C74P35_ThinF_IMG_20150815_114401_cell_157.png;positif
cell_images/Parasitized/C180P141NThinF_IMG_20151201_165453_cell_11.png;positif
cell_images/Uninfected/C72P33_ThinF_IMG_20150815_104843_cell_187.png;negatif
cell_images/Parasitized/C168P129ThinF_IMG_20151118_160516_cell_179.png;positif
cell_images/Uninfected/C53P14thinF_IMG_20150726_115046_cell_73.png;negatif
cell_images/Parasitized/C116P77ThinF_IMG_20150930_171954_cell_91.png;positif
cell_images/Parasitized/C132P93ThinF_IMG_20151004_152642_cell_40.png;positif
cell_images/Uninfected/C180P141NThinF_IMG_20151201_163848_cell_121.png;negatif
cell_images/Uninfected/C162P123ThinF_IMG_20151116_105019_cell_120.png;negatif
cell_images/Parasitized/C184P145ThinF_IMG_20151203_104334_cell_37.png;positif
cell_images/Parasitized/C184P145ThinF_IMG_20151203_104440_cell_37.png;positif
cell_images/Parasitized/C128P89ThinF_IMG_20151004_131231_cell_150.png;positif
cell_images/Uninfected/C76P37ThinF_IMG_20150815_165356_cell_60.png;negatif
cell_images/Uninfected/C229ThinF_IMG_20151112_144652_cell_83.png;negatif
cell_images/Uninfected/C167P128ReThinF_IMG_20151201_105559_cell_79.png;negatif
cell_images/Parasitized/C186P147NThinF_IMG_20151203_150132_cell_195.png;positif
cell_images/Parasitized/C116P77ThinF_IMG_20150930_171809_cell_74.png;positif
cell_images/Parasitized/C137P98ThinF_IMG_20151005_160256_cell_59.png;positif
cell_images/Uninfected/C206ThinF_IMG_20151029_140538_cell_199.png;negatif
cell_images/Uninfected/C103P64ThinF_IMG_20150918_165125_cell_105.png;negatif
cell_images/Parasitized/C59P20thinF_IMG_20150803_113430_cell_40.png;positif
cell_images/Parasitized/C129P90ThinF_IMG_20151004_134636_cell_1.png;positif
cell_images/Parasitized/C189P150ThinF_IMG_20151203_142113_cell_87.png;positif
cell_images/Parasitized/C99P60ThinF_IMG_20150918_141857_cell_47.png;positif
cell_images/Uninfected/C87P48ThinF_IMG_20150820_132327_cell_85.png;negatif
cell_images/Parasitized/C184P145ThinF_IMG_20151203_103326_cell_137.png;positif
cell_images/Parasitized/C184P145ThinF_IMG_20151203_104153_cell_128.png;positif
cell_images/Uninfected/C7NthinF_IMG_20150611_104404_cell_117.png;negatif
cell_images/Uninfected/C201ThinF_IMG_20150930_142848_cell_132.png;negatif
cell_images/Uninfected/C92P53ThinF_IMG_20150821_151722_cell_33.png;negatif
cell_images/Parasitized/C76P37ThinF_IMG_20150815_172808_cell_219.png;positif
cell_images/Parasitized/C84P45ThinF_IMG_20150818_101412_cell_108.png;positif
cell_images/Uninfected/C148P109ThinF_IMG_20151115_112538_cell_53.png;negatif
cell_images/Uninfected/C128P89ThinF_IMG_20151004_131129_cell_21.png;negatif
cell_images/Parasitized/C59P20thinF_IMG_20150803_113051_cell_194.png;positif
cell_images/Parasitized/C97P58ThinF_IMG_20150917_152437_cell_14.png;positif
cell_images/Uninfected/C52P13thinF_IMG_20150725_123938_cell_90.png;negatif
cell_images/Parasitized/C100P61ThinF_IMG_20150918_145938_cell_168.png;positif
cell_images/Uninfected/C58P19thinF_IMG_20150802_122338_cell_63.png;negatif
cell_images/Parasitized/C91P52ThinF_IMG_20150821_124739_cell_195.png;positif
cell_images/Parasitized/C97P58ThinF_IMG_20150917_152225_cell_27.png;positif
cell_images/Uninfected/C107P68ThinF_IMG_20150924_222415_cell_41.png;negatif
cell_images/Uninfected/C82P43ThinF_IMG_20150817_123652_cell_47.png;negatif
cell_images/Uninfected/C87P48ThinF_IMG_20150820_132642_cell_83.png;negatif
cell_images/Uninfected/C104P65ThinF_IMG_20150918_172639_cell_44.png;negatif
cell_images/Uninfected/C45P6ThinF_IMG_20151130_155011_cell_64.png;negatif
cell_images/Uninfected/C125P86ThinF_IMG_20151004_101158_cell_126.png;negatif
cell_images/Parasitized/C82P43ThinF_IMG_20150817_124728_cell_9.png;positif
cell_images/Parasitized/C116P77ThinF_IMG_20150930_171809_cell_87.png;positif
cell_images/Uninfected/C110P71ThinF_IMG_20150930_110404_cell_76.png;negatif
cell_images/Parasitized/C117P78ThinF_IMG_20150930_221812_cell_84.png;positif
cell_images/Uninfected/C201ThinF_IMG_20150930_143544_cell_195.png;negatif
cell_images/Parasitized/C82P43ThinF_IMG_20150817_123824_cell_213.png;positif
cell_images/Parasitized/C118P79ThinF_IMG_20151002_105735_cell_139.png;positif
cell_images/Uninfected/C116P77ThinF_IMG_20150930_171448_cell_81.png;negatif
cell_images/Parasitized/C68P29N_ThinF_IMG_20150819_134326_cell_118.png;positif
cell_images/Uninfected/C101P62ThinF_IMG_20150918_155731_cell_37.png;negatif
cell_images/Uninfected/C45P6ThinF_IMG_20151130_160135_cell_69.png;negatif
cell_images/Parasitized/C173P134NThinF_IMG_20151130_125501_cell_258.png;positif
cell_images/Parasitized/C84P45ThinF_IMG_20150818_102800_cell_12.png;positif
cell_images/Uninfected/C209ThinF_IMG_20151029_160927_cell_247.png;negatif
cell_images/Uninfected/C46P7ThinF_IMG_20151130_205756_cell_89.png;negatif
cell_images/Uninfected/C168P129ThinF_IMG_20151118_153739_cell_139.png;negatif
cell_images/Uninfected/C143P104ThinF_IMG_20151005_225623_cell_112.png;negatif
cell_images/Uninfected/C87P48ThinF_IMG_20150820_132514_cell_13.png;negatif
cell_images/Uninfected/C61P22N_ThinF_IMG_20150818_112704_cell_116.png;negatif
cell_images/Parasitized/C99P60ThinF_IMG_20150918_141314_cell_122.png;positif
cell_images/Parasitized/C39P4thinF_original_IMG_20150622_110115_cell_137.png;positif
cell_images/Parasitized/C137P98ThinF_IMG_20151005_164119_cell_71.png;positif
cell_images/Parasitized/C82P43ThinF_IMG_20150817_125326_cell_23.png;positif
cell_images/Uninfected/C37BP2_thinF_IMG_20150620_131423a_cell_16.png;negatif
cell_images/Uninfected/C170P131ThinF_IMG_20151119_115918_cell_264.png;negatif
cell_images/Parasitized/C116P77ThinF_IMG_20150930_171844_cell_117.png;positif
cell_images/Parasitized/C180P141NThinF_IMG_20151201_170021_cell_38.png;positif
cell_images/Uninfected/C95P56ThinF_IMG_20150821_172351_cell_6.png;negatif
cell_images/Uninfected/C74P35_ThinF_IMG_20150815_121324_cell_114.png;negatif
cell_images/Parasitized/C116P77ThinF_IMG_20150930_171219_cell_94.png;positif
cell_images/Uninfected/C75P36_ThinF_IMG_20150815_163059_cell_131.png;negatif
cell_images/Uninfected/C174P135NThinF_IMG_20151127_135311_cell_122.png;negatif
cell_images/Uninfected/C113P74ThinF_IMG_20150930_134355_cell_117.png;negatif
cell_images/Parasitized/C93P54ThinF_IMG_20150821_163640_cell_208.png;positif
cell_images/Parasitized/C91P52ThinF_IMG_20150821_125423_cell_21.png;positif
cell_images/Uninfected/C129P90ThinF_IMG_20151004_133421_cell_54.png;negatif
cell_images/Uninfected/C149P110ThinF_IMG_20151115_115154_cell_78.png;negatif
cell_images/Uninfected/C77P38ThinF_IMG_20150601_152941_cell_76.png;negatif
cell_images/Uninfected/C151P112ThinF_IMG_20151115_121644_cell_211.png;negatif
cell_images/Parasitized/C184P145ThinF_IMG_20151203_102543_cell_178.png;positif
cell_images/Uninfected/C120P81ThinF_IMG_20151002_130918_cell_43.png;negatif
cell_images/Uninfected/C206ThinF_IMG_20151029_141047_cell_66.png;negatif
cell_images/Parasitized/C67P28N_ThinF_IMG_20150819_121053_cell_236.png;positif
cell_images/Parasitized/C118P79ThinF_IMG_20151002_110609_cell_8.png;positif
cell_images/Parasitized/C184P145ThinF_IMG_20151203_104030_cell_4.png;positif
cell_images/Parasitized/C175P136NThinF_IMG_20151127_142326_cell_225.png;positif
cell_images/Uninfected/C188P149ThinF_IMG_20151203_134319_cell_174.png;negatif
cell_images/Uninfected/C215ThinF_IMG_20151106_133116_cell_155.png;negatif
cell_images/Uninfected/C72P33_ThinF_IMG_20150815_104045_cell_62.png;negatif
cell_images/Parasitized/C89P50ThinF_IMG_20150820_162300_cell_204.png;positif
cell_images/Parasitized/C99P60ThinF_IMG_20150918_141620_cell_8.png;positif
cell_images/Parasitized/C68P29N_ThinF_IMG_20150819_133447_cell_123.png;positif
cell_images/Parasitized/C132P93ThinF_IMG_20151004_151701_cell_178.png;positif
cell_images/Parasitized/C133P94ThinF_IMG_20151004_154717_cell_129.png;positif
cell_images/Parasitized/C129P90ThinF_IMG_20151004_133329_cell_96.png;positif
cell_images/Parasitized/C80P41ThinF_IMG_20150817_112329_cell_5.png;positif
cell_images/Uninfected/C187P148NThinF_IMG_20151203_153410_cell_23.png;negatif
cell_images/Parasitized/C93P54ThinF_IMG_20150821_162901_cell_193.png;positif
cell_images/Parasitized/C107P68ThinF_IMG_20150924_222535_cell_146.png;positif
cell_images/Parasitized/C184P145ThinF_IMG_20151203_104153_cell_170.png;positif
cell_images/Parasitized/C145P106ThinF_IMG_20151016_155051_cell_163.png;positif
cell_images/Parasitized/C68P29N_ThinF_IMG_20150819_133447_cell_131.png;positif
cell_images/Uninfected/C7NthinF_IMG_20150611_104404_cell_194.png;negatif
cell_images/Parasitized/C102P63ThinF_IMG_20150918_162051_cell_141.png;positif
cell_images/Uninfected/C201ThinF_IMG_20150930_143411_cell_134.png;negatif
cell_images/Uninfected/C70P31_ThinF_IMG_20150813_130510_cell_43.png;negatif
cell_images/Parasitized/C188P149ThinF_IMG_20151203_134319_cell_190.png;positif
cell_images/Uninfected/C163P124ThinF_IMG_20151116_111147_cell_51.png;negatif
cell_images/Parasitized/C78P39ThinF_IMG_20150606_104106_cell_174.png;positif
cell_images/Uninfected/C39P4thinF_original_IMG_20150622_111723_cell_73.png;negatif
cell_images/Uninfected/C108P69ThinF_IMG_20150924_225004_cell_25.png;negatif
cell_images/Parasitized/C101P62ThinF_IMG_20150918_151239_cell_87.png;positif
cell_images/Uninfected/C6NThinF_IMG_20150609_122725_cell_174.png;negatif
cell_images/Parasitized/C149P110ThinF_IMG_20151115_115154_cell_251.png;positif